<?xml version="1.0" encoding="UTF-8" standalone="no"?>
<!DOCTYPE properties SYSTEM "http://java.sun.com/dtd/properties.dtd">
<properties>
  <entry key="ChatCommandProc.parse.0">Добро пожаловать в игровой чат!
Для помощи пошлите команду !справка
Не посылайте одинаковых сообщений и сообщения чаще {0} сек.
{1}</entry>
  <entry key="ChatCommandProc.parse.1">Добро пожаловать в чат!
Чтобы зарегистрироваться используйте команду !ник и свой псевдоним
Не посылайте одинаковых сообщений и сообщения чаще {0} сек.</entry>
  <entry key="ChatCommandProc.parse.2">Ошибка выполнения команды</entry>
  <entry key="ChatCommandProc.parse.3">Неверная команда. Сообщение проигнорировано.</entry>
  <entry key="ChatCommandProc.parse.4">Слишком длинное сообщение было обрезано: {0}</entry>
  <entry key="ChatCommandProc.parse.5">Для входа в чат используйте команду !чат. Для помощи пошлите команду !справка
Не посылайте ваши сообщения слишком часто.</entry>
  <entry key="ChatCommandProc.parse.6">Для входа в чат необходимо зарегистрироваться командой !ник.
Для помощи пошлите команду !справка
Не посылайте ваши сообщения слишком часто.</entry>
  <entry key="ChatCommandProc.parse.7">Вы не можете войти в чат. Осталось минут: {0}</entry>
  <entry key="ChatCommandProc.commandGofree.0">Успешно завершено. Сообщения теперь будут приходить с номера {0}</entry>
  
  <entry key="ChatCommandProc.err">Ошибка: {0}</entry><entry key="ChatCommandProc.err.1">Ошибка в команде</entry>
  <entry key="ChatCommandProc.commandGo.0">Ошибочный номер</entry>
  <entry key="ChatCommandProc.commandGo.1">Успешно завершено. Сообщения теперь будут приходить с номера {0}</entry>
  <entry key="ChatCommandProc.commandInvite.0">Чат открыт для свободного входа, приглашения создавать не нужно.</entry>
  <entry key="ChatCommandProc.commandInvite.1">Не удалось создать новое приглашение, возможно вы не использовали еще старое приглашение.</entry>
  <entry key="ChatCommandProc.commandInvite.2">Создано новое приглашение: {0}
Срок действия, часов: {1}</entry>
  <entry key="ChatCommandProc.commandKick.0">Вы не можете изменить время кика</entry>
  <entry key="ChatCommandProc.commandKick.1">Юзер выпнут на: {0}</entry>
  <entry key="ChatCommandProc.commandKick.2">Необходимо добавить причину кика</entry>
  <entry key="ChatCommandProc.commandSetgroup.0">Пользователь не найден</entry>
  <entry key="ChatCommandProc.commandSetgroup.1">Нет такой группы пользователей</entry>
  <entry key="ChatCommandProc.commandSetgroup.2">Успешно завершено</entry>
  <entry key="ChatCommandProc.commandSetgroup.3">Произошла ошибка</entry>
  <entry key="ChatCommandProc.commandGrant.0">Нет такого объекта полномочий</entry>
  <entry key="ChatCommandProc.commandBan.0">Нельзя отправить в баню самого себя :)</entry>
  <entry key="ChatCommandProc.commandBan.1">Необходимо добавить причину бана</entry>
  <entry key="ChatCommandProc.commandBan.2">Пользователь {0} успешно отправлен в баню</entry>
  <entry key="ChatCommandProc.commandUban.0">Пользователь {0} был выпущен из бани</entry>
  <entry key="ChatCommandProc.commandReg.0">Вы неправильно ответили на проверочный вопрос, попытайтесь зарегистрироваться еще раз.</entry>
  <entry key="ChatCommandProc.commandReg.1">Ошибка регистрации, пустой ник</entry>
  <entry key="ChatCommandProc.commandReg.2">Предупреждение! Ваш ник слишком длинный и будет обрезан.</entry>
  <entry key="ChatCommandProc.commandReg.3">Ошибочный ник, попытайтесь еще раз</entry>
  <entry key="ChatCommandProc.commandReg.4">Такой ник уже существует. Попробуйте другой ник</entry>
  <entry key="ChatCommandProc.commandReg.5">Вы не можете так часто менять ник.</entry>
  <entry key="ChatCommandProc.commandReg.6">Ник не изменен. Для входа в чат используйте команду !chat</entry>
  <entry key="ChatCommandProc.commandReg.7">Ник не изменен.</entry>
  <entry key="ChatCommandProc.commandReg.8">Обновление завершено</entry>
  <entry key="ChatCommandProc.commandReg.9">{0} сменил ник на {1}</entry>
  <entry key="ChatCommandProc.commandReg.10">Для подтверждения того что вы человек, напишите ответ на несложный пример. Время на раздумье 5 минут (перед ответом учтите общую паузу для сообщений): {0} =</entry>
  <entry key="ChatCommandProc.commandReg.11">Регистрация завершена, вход в чат по команде !chat</entry>
  <entry key="ChatCommandProc.commandReg.12">ошибка регистрации, пустой пароль.</entry>
  <entry key="ChatCommandProc.commandReg.13">ошибка регистрации</entry>
  <entry key="ChatCommandProc.commandReg.14">ошибка регистрации, неверный пароль приглашения.</entry>
  <entry key="ChatCommandProc.commandP.0">Сообщение отсутствует</entry>
  <entry key="ChatCommandProc.commandP.1">Такого пользователя не существует</entry>
  <entry key="ChatCommandProc.commandP.2">Пользователь не в сети</entry>
  <entry key="ChatCommandProc.commandP.3">Слишком длинное сообщение было обрезано: </entry>
  <entry key="ChatCommandProc.commandP.4">Личное сообщение от </entry>
  <entry key="ChatCommandProc.commandP.5">Сообщение отправлено</entry>
  <entry key="ChatCommandProc.commandP.6">ошибка отправки сообщения</entry>
  <entry key="ChatCommandProc.commandPP.0">Не найдено входящих сообщений, отправлять некому</entry>
  <entry key="ChatCommandProc.commandSettheme.0">Тема комнаты изменена на: </entry>
  <entry key="ChatCommandProc.commandRoom.0">Ты уже сидишь в этой комнате!</entry>
  <entry key="ChatCommandProc.commandRoom.1">{0} ушел из комнаты {1}</entry>
  <entry key="ChatCommandProc.commandRoom.2">{0} вошел в комнату {1}</entry>
  <entry key="ChatCommandProc.commandRoom.3">Ты перешел в комнату </entry>
  <entry key="ChatCommandProc.commandRoom.4">Тема: </entry>
  <entry key="ChatCommandProc.commandRoom.5">Такой комнаты не существует! Некуда переходить.</entry>
  <entry key="ChatCommandProc.commandAdm.0">Сообщение сохранено</entry>
  <entry key="ChatCommandProc.commandAdm.1">Ошибка добавления</entry>
  <entry key="ChatCommandProc.commandLRoom.0">Список комнат в чате</entry>
  <entry key="ChatCommandProc.commandCrRoom.0">Такая комната уже существует!</entry>
  <entry key="ChatCommandProc.commandCrRoom.1">Комната {0} успешно создана!</entry>
  <entry key="ChatCommandProc.commandChRoom.0">Такой комнаты не существует!</entry>
  <entry key="ChatCommandProc.commandChRoom.1">Комната {0} успешно изменена!</entry>
  <entry key="ChatCommandProc.listKickUsers.0">Список активных киков:</entry>
  <entry key="ChatCommandProc.listKickUsers.1">юзер; время; осталось сидеть; кто пнул; причина</entry>
  <entry key="ChatCommandProc.testState.0">Предупреждение! Вы слишком долго молчите и будете удалены из чата</entry>
  <entry key="ChatCommandProc.auth.0">Вы не имеете доступа к данной команде.</entry>
  <entry key="ChatCommandProc.goChat.0">Прежде чем войти в чат, необходимо зарегистрироваться.</entry>
  <entry key="ChatCommandProc.goChat.1">Чтобы бот видел ваш статус - авторизуйте его</entry>
  <entry key="ChatCommandProc.goChat.2">{0} вошел(а) в чат</entry>
  <entry key="ChatCommandProc.goChat.3">Вы вошли в чат</entry>
  <entry key="ChatCommandProc.goChat.4">Данный номер слишком загружен, вы будете автоматически переведены на ближайший свободный номер.</entry>
  <entry key="ChatCommandProc.goChat.5">Сообщения теперь будут приходить с номера {0}</entry>
  <entry key="ChatCommandProc.exitChat.0">{0}  ушел(а) из чата</entry>
  <entry key="ChatCommandProc.exitChat.1">Вы вышли!</entry>
  <entry key="ChatCommandProc.tkick.0">Пинок на {0}  минут, модер: {1}</entry>
  <entry key="ChatCommandProc.tkick.1">, Причина: </entry>
  <entry key="ChatCommandProc.tkick.2">Пинок на {0} минут</entry>
  <entry key="ChatCommandProc.kick.0">Вы были удалены из чата, попытайтесь зайти позже</entry>
  <entry key="ChatCommandProc.ban.0">Вы были забанены администратором чата. Теперь вы не сможете принимать и отправлять сообщения.</entry>
  <entry key="ChatCommandProc.ban.1">Причина: </entry>
  <entry key="ChatCommandProc.tempExitChat.0">{0} ушел из чата (оффлайн)</entry>
  <entry key="ChatCommandProc.isChat.0">Чтобы использовать команду вы должны зайти в чат</entry>
  <entry key="ChatCommandProc.parseFloodNotice.0">Сообщение проигнорировано. Не посылайте сообщения слишком часто.</entry>
  <entry key="ChatCommandProc.commandA.0">Комната: {0} - {1}</entry>
  <entry key="ChatCommandProc.commandA.1">Тема: </entry>
  <entry key="ChatCommandProc.commandA.2">Список пользователей</entry>
  <entry key="ChatCommandProc.commandA.3">Всего пользователей в чате:</entry>
  <entry key="ChatCommandProc.commandA.4">Список пользователей в чате</entry>
  <entry key="UserWork.getUserNicks.0">Последние ники пользователя: </entry>
  <entry key="UserWork.getUserInvites.0">Приглашения пользователя: </entry>
  <entry key="UserWork.inviteList.0">Кого приглашал: </entry>
  <entry key="UserWork.getKickHist.0">20 последних киков:</entry>
  <entry key="UserWork.getBanHist.0">20 последних банов:</entry>
  <entry key="UserWork.getUinStat.0">Число пользователей на разных номерах чата:</entry>
  <entry key="UserWork.getUserAuthInfo.0">Полномочия пользователя ID={0}
Группа: {1}
Доступные объекты: </entry>
</properties>
