<?xml version="1.0" encoding="UTF-8" standalone="no"?>
<!DOCTYPE properties SYSTEM "http://java.sun.com/dtd/properties.dtd">
<properties>
  <entry key="ChatCommandProc.parse.0">Добро пожаловать! *HI*
Для помощи пошлите команду !хелп или !помощь
Обязательно ознакомьтесь с правилами !rules, либо !правила, чтоб избежать конфликта с Администрацией
Не посылайте одинаковых сообщений и сообщения чаще {0} сек.
{1}</entry>
  <entry key="ChatCommandProc.parse.1">Добро пожаловать! *HI*
Для регистрации используйте команду !ник &lt;ник&gt;, либо !рег &lt;ник&gt;
Не посылайте одинаковых сообщений и сообщения чаще {0} сек.</entry>
  <entry key="ChatCommandProc.parse.2">Ошибка выполнения команды</entry>
  <entry key="ChatCommandProc.parse.3">Неверная команда. Сообщение проигнорировано. Для помощи пошлите команду !хелп или !помощь.</entry>
  <entry key="ChatCommandProc.parse.4">Слишком длинное сообщение было обрезано: {0}</entry>
  <entry key="ChatCommandProc.parse.5">Для входа в чат используйте команду !ч, либо !чат
Для помощи пошлите команду !хелп, либо !справка
Не посылайте ваши сообщения слишком часто</entry>
  <entry key="ChatCommandProc.parse.6">Для входа в чат необходимо зарегистрироваться командой !ник &lt;ник&gt;, либо !рег &lt;ник&gt;
Для помощи пошлите команду !хелп, либо !справка
Не посылайте ваши сообщения слишком часто.</entry>
  <entry key="ChatCommandProc.parse.7">На данный момент Вы не можете войти в чат. Осталось {0} минут</entry>
  <entry key="ChatCommandProc.err">Ошибка: {0}</entry>
  <entry key="ChatCommandProc.err.1">Ошибка в команде</entry>
  <entry key="ChatCommandProc.goChat.0">Прежде чем войти в чат, необходимо зарегистрироваться командой !ник &lt;ник&gt;, либо !рег &lt;ник&gt;</entry>
  <entry key="ChatCommandProc.goChat.1">Чтобы бот видел ваш статус - авторизуйте его</entry>
  <entry key="ChatCommandProc.goChat.2">{0} - {1} [{2}] вошел(а) в чат</entry>
  <entry key="ChatCommandProc.goChat.3">{0}, добро пожаловать в чат *HI*
Вы в комнате: {1} - {2}
Пользователей в комнате (в чате): {3} ( {4} )</entry>
  <entry key="ChatCommandProc.goChat.4">Данный номер слишком загружен, вы будете автоматически переведены на ближайший свободный</entry>
  <entry key="ChatCommandProc.goChat.5">Сообщения теперь будут приходить с номера {0}</entry>
  <entry key="ChatCommandProc.exitChat.0">{0} - {1} [{2}] ушел(а) из чата</entry>
  <entry key="ChatCommandProc.exitChat.1">Как жаль, что Вы наконец уходите...</entry>
  <entry key="ChatCommandProc.commandGofree.0">Переход на свободный UIN успешно завершен. Сообщения теперь будут приходить с номера {0}</entry>
  <entry key="ChatCommandProc.commandGo.0">Ошибочный номер</entry>
  <entry key="ChatCommandProc.commandGo.1">Переход на свободный UIN успешно завершен. Сообщения теперь будут приходить с номера {0}</entry>
  <entry key="ChatCommandProc.commandInvite.0">Чат открыт для свободного входа. Создавать приглащение нет необходимости</entry>
  <entry key="ChatCommandProc.commandInvite.1">Нельзя создать два приглашения сразу. Используйте прошлое и повторите запрос.</entry>
  <entry key="ChatCommandProc.commandInvite.2">Создано новое приглашение: {0}
Срок действия, часов: {1}</entry>
  <entry key="ChatCommandProc.commandKick.0">Вы не можете менять время кика</entry>
  <entry key="ChatCommandProc.commandKick.1">Пользователь удален из чата на: {0}</entry>
  <entry key="ChatCommandProc.commandKick.2">Для удаления Пользователя необходимо ввести причину</entry>
  <entry key="ChatCommandProc.commandKick.3">Пользователь не может быть удален. Он владеет иммунитетом.</entry>
  <entry key="ChatCommandProc.commandKick.4">{0} удален из чата на {1} минут. Причина: {2}</entry>
  <entry key="ChatCommandProc.commandSetgroup.0">Такого пользователя не существует</entry>
  <entry key="ChatCommandProc.commandSetgroup.1">Такой группы Пользователей не существует</entry>
  <entry key="ChatCommandProc.commandSetgroup.2">Присвоение новой группы успешно завершено</entry>
  <entry key="ChatCommandProc.commandSetgroup.3">При присвоении новой группы произошла ошибка</entry>
  <entry key="ChatCommandProc.commandSetgroup.4">Пользователю {0} - {1} присвоена группа [{2}]</entry>
  <entry key="ChatCommandProc.commandSetgroup.5">Вам присвоена группа [{0}]</entry>
  <entry key="ChatCommandProc.commandGrant.0">Такого пользователя не существует</entry>
  <entry key="ChatCommandProc.commandGrant.1">Такого обьекта полномочий не существует</entry>
  <entry key="ChatCommandProc.commandGrant.2">Присвоение нового полномочия успешно завершено</entry>
  <entry key="ChatCommandProc.commandGrant.3">При присвоении нового полномочия произошла ошибка</entry>
  <entry key="ChatCommandProc.commandRevoke.0">Такого пользователя не существует</entry>
  <entry key="ChatCommandProc.commandRevoke.1">Такого обьекта полномочий не существует</entry>
  <entry key="ChatCommandProc.commandRevoke.2">Снятие полномочия успешно завершено</entry>
  <entry key="ChatCommandProc.commandRevoke.3">При снятии полномочия произошла ошибка</entry>
  <entry key="ChatCommandProc.commandBan.0">Нельзя отправить в баню самого себя *NO*</entry>
  <entry key="ChatCommandProc.commandBan.1">Для бана Пользователя необходимо ввести причину</entry>
  <entry key="ChatCommandProc.commandBan.2">Пользователь {0} успешно забанен</entry>
  <entry key="ChatCommandProc.commandBan.3">Пользователь не может быть забанен. Он владеет иммунитетом.</entry>
  <entry key="ChatCommandProc.commandBan.4">{0} забанен. Причина: {1}</entry>
  <entry key="ChatCommandProc.commandUban.0">С Пользователя {0} бан снят</entry>
  <entry key="ChatCommandProc.commandReg.0">Вы неверно ответили на проверочный вопрос, попытайтесь зарегистрироваться еще раз.</entry>
  <entry key="ChatCommandProc.commandReg.1">Ошибка регистрации, пустой ник</entry>
  <entry key="ChatCommandProc.commandReg.2">Предупреждение! Ваш ник слишком длинный и будет обрезан.</entry>
  <entry key="ChatCommandProc.commandReg.3">Ошибочный ник, попытайтесь еще раз</entry>
  <entry key="ChatCommandProc.commandReg.4">Такой ник уже существует. Попробуйте другой</entry>
  <entry key="ChatCommandProc.commandReg.5">Вы не можете так часто менять ник.</entry>
  <entry key="ChatCommandProc.commandReg.6">Ник не изменен. Для входа в чат используйте команду !chat, либо !чат</entry>
  <entry key="ChatCommandProc.commandReg.7">Ник не изменен.</entry>
  <entry key="ChatCommandProc.commandReg.8">Ник успешно изменен</entry>
  <entry key="ChatCommandProc.commandReg.9">Пользователь {0} сменил ник на {1}</entry>
  <entry key="ChatCommandProc.commandReg.10">Для подтверждения того что вы человек, напишите ответ на несложный пример. Время на раздумье 5 минут (перед ответом учтите общую паузу для сообщений): {0} =</entry>
  <entry key="ChatCommandProc.commandReg.11">Регистрация успешно завершена, вход в чат по команде !chat, либо !чат</entry>
  <entry key="ChatCommandProc.commandReg.12">Ошибка регистрации, Отсутствует код приглашения</entry>
  <entry key="ChatCommandProc.commandReg.13">Ошибка регистрации</entry>
  <entry key="ChatCommandProc.commandReg.14">Ошибка регистрации. Неверный код приглашения.</entry>
  <entry key="ChatCommandProc.commandReg.15">Зарегистрировался новый пользователь {0} - {1}</entry>
  <entry key="ChatCommandProc.commandA.0">Комната: {0} - {1}</entry>
  <entry key="ChatCommandProc.commandA.1">Тема: </entry>
  <entry key="ChatCommandProc.commandA.2">Список пользователей в комнате:</entry>
  <entry key="ChatCommandProc.commandA.3">Всего пользователей в комнате: {0}
Всего пользователей в чате: {1}
Всего зашло пользователей в чат: {2}</entry>
  <entry key="ChatCommandProc.commandP.0">Сообщение отсутствует</entry>
  <entry key="ChatCommandProc.commandP.1">Такого пользователя не существует</entry>
  <entry key="ChatCommandProc.commandP.3">Слишком длинное сообщение было обрезано: </entry>
  <entry key="ChatCommandProc.commandP.4">Секретное сообщение от </entry>
  <entry key="ChatCommandProc.commandP.5">Сообщение отправлено </entry>
  <entry key="ChatCommandProc.commandP.6">Ошибка отправки сообщения</entry>
  <entry key="ChatCommandProc.commandPP.0">Сообщение отсутствует</entry>
  <entry key="ChatCommandProc.commandPP.1">Не найдено входящих сообщений, отвечать некому</entry>
  <entry key="ChatCommandProc.commandPP.2">Такого пользователя не существует</entry>
  <entry key="ChatCommandProc.commandPP.3">Слишком длинное сообщение было обрезано: </entry>
  <entry key="ChatCommandProc.commandPP.4">Секретное сообщение от </entry>
  <entry key="ChatCommandProc.commandPP.5">Сообщение отправлено </entry>
  <entry key="ChatCommandProc.commandPP.6">Ошибка отправки сообщения</entry>
  <entry key="ChatCommandProc.commandSettheme.0">Тема комнаты изменена на: </entry>
  <entry key="ChatCommandProc.commandIgnore.0">{0} успешно добавлен в игнор-лист.</entry>
  <entry key="ChatCommandProc.commandRestart.0">Пожалуйста подождите...</entry>
  <entry key="ChatCommandProc.commandButilochka.0">Пользователь не найден</entry>
  <entry key="ChatCommandProc.commandButilochka.1">Этого пользователя нет в чате</entry>
  <entry key="ChatCommandProc.commandButilochka.2">Играть в бутылочку можно только в {0} комнате</entry>
  <entry key="ChatCommandProc.commandButilochka.3">{0} вертит бутылочку. Бутылочка крутится.... Kрутится... И указывает на.... Указывает на {1}</entry>
  <entry key="ChatCommandProc.commandButilochka.4">Теперь {0} должен(должна) {1} {2}</entry>
  <entry key="ChatCommandProc.commandButilochka.5">Ты должен(должна) {0} {1}</entry>
  <entry key="ChatCommandProc.commandRoom.0">Ты уже сидишь в этой комнате!</entry>
  <entry key="ChatCommandProc.commandRoom.1">{0} ушел из комнаты {1} в комнату {2}</entry>
  <entry key="ChatCommandProc.commandRoom.2">{0} вошел в комнату {1}</entry>
  <entry key="ChatCommandProc.commandRoom.4">Тема: </entry>
  <entry key="ChatCommandProc.commandRoom.3">Добро пожаловать в комнату </entry>
  <entry key="ChatCommandProc.commandRoom.5">Такой комнаты не существует! Некуда переходить</entry>
  <entry key="ChatCommandProc.commandRoom.6">Пользователей в комнате: {0}</entry>
  <entry key="ChatCommandProc.commandRoom.7">Не верный пароль</entry>
  <entry key="ChatCommandProc.commandAdm.0">Сообщение сохранено</entry>
  <entry key="ChatCommandProc.commandAdm.1">Ошибка добавления</entry>
  <entry key="ChatCommandProc.commandAA.0">Список пользователей в чате:</entry>
  <entry key="ChatCommandProc.commandAA.1">Всего пользователей в чате: {0}</entry>
  <entry key="ChatCommandProc.commandLRoom.0">Список комнат в чате</entry>
  <entry key="ChatCommandProc.commandCrRoom.0">Такая комната уже существует</entry>
  <entry key="ChatCommandProc.commandCrRoom.1">Комната {0} успешно создана</entry>
  <entry key="ChatCommandProc.commandChRoom.0">Такой комнаты не существует</entry>
  <entry key="ChatCommandProc.commandChRoom.1">Комната {0} успешно изменена</entry>
  <entry key="ChatCommandProc.commandSetpass.0">Пароль {0} на комнату {1} успешно установлен</entry>
  <entry key="ChatCommandProc.commandUinvise.0">Вы вышли из режима невидимки</entry>
  <entry key="ChatCommandProc.commandUinvise.1">{0} - {1} [{2}] вошел(а) в чат</entry>
  <entry key="ChatCommandProc.commandInvise.0">Вы вошли в режим невидимки</entry>
  <entry key="ChatCommandProc.commandInvise.1">{0} - {1} [{2}] вышел(а) из чата</entry>
  <entry key="ChatCommandProc.commandVchat.0">Такого пользователя не существует</entry>
  <entry key="ChatCommandProc.commandVchat.1">Пользователь уже в чате</entry>
  <entry key="ChatCommandProc.commandVchat.2">Вас затащили в чат</entry>
  <entry key="ChatCommandProc.commandVchat.3">{0} затащен(а) в чат</entry>
  <entry key="ChatCommandProc.commandAnketa.0">Ошибка: Данные не указаны</entry>
  <entry key="ChatCommandProc.commandAnketa.1">Занесение данных в анкету завершено</entry>
  <entry key="ChatCommandProc.commandAnketa.2">Данные слишком длинные. Максимум можно {0} символов</entry>
  <entry key="ChatCommandProc.commandAnketa.3">Дублирование данных. Сохранение отменено</entry>
  <entry key="ChatCommandProc.commandAnketa.4">Ошибка: пол указывается цифрой 1 - мужской, 2 - женский</entry>
  <entry key="ChatCommandProc.commandAnketa.5">Такого пользователя не существует</entry>
  <entry key="ChatCommandProc.commandGrating.0">Такого пользователя не существует</entry>
  <entry key="ChatCommandProc.commandGrating.1">Передавать баллы самому себе нет смысла</entry>
  <entry key="ChatCommandProc.commandGrating.2">И разве есть смысл передавать 0 баллов?</entry>
  <entry key="ChatCommandProc.commandGrating.3">У Вас столько нет. На настоящий момент вы можете передать лишь {0} баллов</entry>
  <entry key="ChatCommandProc.commandGrating.4">Пользователю {0} передано {1} балла(ов). У вас остается {2} балла(ов)</entry>
  <entry key="ChatCommandProc.commandGrating.5">Пользователь {0} передал Вым {1} балла(ов). У вас теперь {2} балла(ов)</entry>
  <entry key="ChatCommandProc.commandRuletka.0">Застрелился... Неудачник!</entry>
  <entry key="ChatCommandProc.commandRuletka.1">Играть можно только в {0} комнате</entry>
  <entry key="ChatCommandProc.commandRuletka.2">Число должно быть от 0 до {0}</entry>
  <entry key="ChatCommandProc.commandRuletka.3">Мной загадано число {0}, а {1} выбрал {2}</entry>
  <entry key="ChatCommandProc.commandRuletka.4">Числа совпали. {0} удален из чата на {1} минут</entry>
  <entry key="ChatCommandProc.commandRuletka.5">Мной загадано число {0}, а Вы выбрали {1}. Числа совпали. Прощай, неудачник!</entry>
  <entry key="ChatCommandProc.commandRuletka.6">Вы были удалены из чата на {0} минут. Причина: {1}</entry>
  <entry key="ChatCommandProc.commandRuletka.7">А ты везунчик :)</entry>
  <entry key="ChatCommandProc.commandRuletka.8">Числа не совпали. А {0} то у нас везунчик :)</entry>
  <entry key="ChatCommandProc.commandWedding.0">Укажите у кого свадьба</entry>
  <entry key="ChatCommandProc.commandWedding.1">Свадьба проводится только в комнате {0}. Молодожены должны быть там же</entry>
  <entry key="ChatCommandProc.commandWedding.2">У кого-то из них не полностью заполнена анкета</entry>
  <entry key="ChatCommandProc.commandWedding.3">Один из них уже в браке</entry>
  <entry key="ChatCommandProc.commandWedding.4">Сразу указывается жених, потом невеста, а так же однополые браки запрещены</entry>
  <entry key="ChatCommandProc.commandWedding.5">Поздравляю, у Вас свадьба с {0}</entry>
  <entry key="ChatCommandProc.commandWedding.6">У Пользователей {0} и {1} свадьба!!! *DRINK*!!!</entry>
  <entry key="ChatCommandProc.commandWedding.7">Пользователи {0} и {1} обвенчались</entry>
  <entry key="ChatCommandProc.commandDivorce.0">Укажите кого хотите развести</entry>
  <entry key="ChatCommandProc.commandDivorce.1">Развод проводится только в комнате {0}. Пара должна быть там же</entry>
  <entry key="ChatCommandProc.commandDivorce.2">У кого-то из них не полностью заполнена анкета</entry>
  <entry key="ChatCommandProc.commandDivorce.3">Сразу указывается муж, потом жена</entry>
  <entry key="ChatCommandProc.commandDivorce.4">Пользователи не являются парой</entry>
  <entry key="ChatCommandProc.commandDivorce.5">Ваш брак с {0} распался</entry>
  <entry key="ChatCommandProc.commandDivorce.6">Брак Пользователей {0} и {1} распался</entry>
  <entry key="ChatCommandProc.commandChstatus.0">Такого пользователя не существует</entry>
  <entry key="ChatCommandProc.commandChstatus.1">Статус не указан</entry>
  <entry key="ChatCommandProc.commandChstatus.2">Статус Пользователя {0} изменен</entry>
  <entry key="ChatCommandProc.commandChstatus.3">Слишком длинный статус. Максисум можно {0} символов</entry>
  <entry key="ChatCommandProc.commandcommandUin.0">Такого пользователя не существует</entry>
  <entry key="ChatCommandProc.commandcommandUin.1">На данный момент этого Пользователи нет в чате</entry>
  <entry key="ChatCommandProc.commandcommandUin.2">Пользователь {0} оставил Вам свой номер ICQ. Напишите ему вот сюда: {1}</entry>
  <entry key="ChatCommandProc.commandcommandUin.3">Номер успешно передан</entry>
  <entry key="ChatCommandProc.commandUreit.0">Пользователь может повысить рейтинг определенному пользователю только один раз в сутки</entry>
  <entry key="ChatCommandProc.commandUreit.1">Такого пользователя не существует</entry>
  <entry key="ChatCommandProc.commandUreit.2">Повышать рейтинг саму себе нельзя</entry>
  <entry key="ChatCommandProc.commandUreit.3">Рейтинг Пользователя {0} повышен на {1}</entry>
  <entry key="ChatCommandProc.commandUreit.4">Пользователь {0} повысил Вам рейтинг на {1}. Теперь он составляет {2} балла(ов)</entry>
  <entry key="ChatCommandProc.commandDreit.0">Пользователь может понизить рейтинг определенному пользователю только один раз в сутки</entry>
  <entry key="ChatCommandProc.commandDreit.1">Такого пользователя не существует</entry>
  <entry key="ChatCommandProc.commandDreit.2">Понижать рейтинг саму себе нельзя</entry>
  <entry key="ChatCommandProc.commandDreit.3">Рейтинг Пользователя {0} понижен на {1}</entry>
  <entry key="ChatCommandProc.commandDreit.4">Пользователь {0} погизил Вам рейтинг на {1}. Теперь он составляет {2} балла(ов)</entry>
  <entry key="ChatCommandProc.commandBuy.0">Недостаточно баллов. Имеется {0}, необходимо {1}</entry>
  <entry key="ChatCommandProc.commandBuy.1">{0}, теперь Вы VIP-Пользователь</entry>
  <entry key="ChatCommandProc.commandBuy.2">{0}, теперь Вы Модератор</entry>
  <entry key="ChatCommandProc.commandBuy.3">{0}, теперь Вы Администратор</entry>
  <entry key="ChatCommandProc.commandBuy.4">{0}, теперь Вы обладаете правом на переход по комнатам</entry>
  <entry key="ChatCommandProc.commandBuy.5">{0}, теперь Вы обладаете правом на смену ника</entry>
  <entry key="ChatCommandProc.commandBuy.6">{0}, теперь Вы обладаете правом на кик Пользователей</entry>
  <entry key="ChatCommandProc.commandBuy.7">{0}, теперь Вы обладаете правом на бан Пользователей</entry>
  <entry key="ChatCommandProc.commandBuy.8">{0}, теперь Вы обладаете иммунитетом Anti Kick</entry>
  <entry key="ChatCommandProc.commandBuy.9">{0}, теперь Вы обладаете иммунитетом Anti Ban</entry>
  <entry key="ChatCommandProc.commandBuy.10">{0} - {1}, купил(а) группу VIP-Пользователь</entry>
  <entry key="ChatCommandProc.commandBuy.11">{0} - {1}, купил(а) группу Модератор</entry>
  <entry key="ChatCommandProc.commandBuy.12">{0} - {1}, купил(а) группу Администратор</entry>
  <entry key="ChatCommandProc.commandBuy.13">{0} - {1}, купил(а) право на переход по комнатам</entry>
  <entry key="ChatCommandProc.commandBuy.14">{0} - {1}, купил(а) право на смену ника</entry>
  <entry key="ChatCommandProc.commandBuy.15">{0} - {1}, купил(а) право на кик Пользователей</entry>
  <entry key="ChatCommandProc.commandBuy.16">{0} - {1}, купил(а) право на бан Пользователей</entry>
  <entry key="ChatCommandProc.commandBuy.17">{0} - {1}, купил(а) иммунитет Anti Kick</entry>
  <entry key="ChatCommandProc.commandBuy.18">{0} - {1}, купил(а) иммунитет Anti Ban</entry>
  <entry key="ChatCommandProc.commandBuy.19">Вы купили {0}</entry>
  <entry key="ChatCommandProc.commandBuy.20">{0} - {1} купил(а) себе {2}</entry>
  <entry key="ChatCommandProc.commandSearch.0">Не указано кого искать</entry>
  <entry key="ChatCommandProc.commandSearch.1">По запросу найдено:</entry>
  <entry key="ChatCommandProc.commandDelroom.0">Комната {0} успешно удалена. Изменения вступят в силу после перезагрузки</entry>
  <entry key="ChatCommandProc.commandChnick.0">Такого пользователя не существует</entry>
  <entry key="ChatCommandProc.commandChnick.1">Ник не указан</entry>
  <entry key="ChatCommandProc.commandChnick.2">Ник Пользователя {0} изменен</entry>
  <entry key="ChatCommandProc.commandChnick.3">У Пользователя {0} ник изменен на {1}</entry>
  <entry key="ChatCommandProc.commandBones.0">Играть в кости можно только в {0} комнате</entry>
  <entry key="ChatCommandProc.commandBones.1">У Вас недостаточно баллов для такой ставки</entry>
  <entry key="ChatCommandProc.commandBones.2">Игровая ставка должна быть от 1 до {0}</entry>
  <entry key="ChatCommandProc.commandBones.3">Кости брошены. У меня выпало {0} и {1}, а у {2} {3} и {4}</entry>
  <entry key="ChatCommandProc.commandBones.4">Кости брошены. У меня выпало {0} и {1}, а у Вас {2} и {3}</entry>
  <entry key="ChatCommandProc.commandBones.5">И того... У  меня и у {0} суммы совпали. Пусть испытает удачу еще раз</entry>
  <entry key="ChatCommandProc.commandBones.6">И того... У  меня и у Вас суммы совпали. Попробуйте еще раз</entry>
  <entry key="ChatCommandProc.commandBones.7">И того... У  меня сумма {0}, а у {1} {2}. У меня больше. {1} проиграл {3} балла(ов)</entry>
  <entry key="ChatCommandProc.commandBones.8">И того... У  меня сумма {0}, а у Вас {1}. У меня больше. Вы проиграли {2} балла(ов)</entry>
  <entry key="ChatCommandProc.commandBones.9">И того... У  меня сумма {0}, а у {1} {2}. У {1} больше и он выиграл {3} балла(ов)</entry>
  <entry key="ChatCommandProc.commandBones.10">И того... У  меня сумма {0}, а у Вас {1}. У Вас больше. Вы выиграли {2} балла(ов)</entry>
  <entry key="ChatCommandProc.commandCasino.0">Играть в казино можно только в {0} комнате</entry>
  <entry key="ChatCommandProc.commandCasino.1">Недостаточно баллов для игры. Необходимо {0}, а у Вас имеется {1}</entry>
  <entry key="ChatCommandProc.commandCasino.2">{0} потянул рычаг... Табло вращается... Вращается... Вращается... И выпадает комбинация -={1}={2}={3}=-</entry>
  <entry key="ChatCommandProc.commandCasino.3">Вы потянули рычаг... И выпадает комбинация -={0}={1}={2}=-</entry>
  <entry key="ChatCommandProc.commandCasino.4">Ни одного совподения... {0} - неудачник!!!</entry>
  <entry key="ChatCommandProc.commandCasino.5">Ни одного совподения... Возможно в следующий раз повезет. За игру у Вас снято {0} балла(ов)</entry>
  <entry key="ChatCommandProc.commandCasino.6">Два числа совпали... И {0} выигрывает {1} балла(ов)</entry>
  <entry key="ChatCommandProc.commandCasino.7">Два числа совпали... Вы выиграли {0} балла(ов). За игру у Вас снято {1} балла(ов)</entry>
  <entry key="ChatCommandProc.commandCasino.8">Все 3 числа совпали... И {0} выигрывает {1} балла(ов)... Какой везунчик!!!</entry>
  <entry key="ChatCommandProc.commandCasino.9">Все 3 числа совпали... Вы выиграли {0} балла(ов). За игру у Вас снято {1} балла(ов)</entry>
  <entry key="ChatCommandProc.commandBomb.0">Такого пользователя не существует</entry>
  <entry key="ChatCommandProc.commandBomb.1">Недостаточно баллов. Требуется {0}, имеется {1}</entry>
  <entry key="ChatCommandProc.commandBomb.2">Бомба в Пользователя {0} успешно брошена. За бросок снято {1} балла(ов)</entry>
  <entry key="ChatCommandProc.commandBomb.3">Пользователь {0} бросил бомбу в пользователя {1}</entry>
  <entry key="ChatCommandProc.commandBomb.4">Пользователь {0} бросил в Вас бомбу. Вам необходимо выбрать провод (красный, синий, белый), который необходимо перерезать. Команда !cut цвет, либо !перерезать цвет</entry>
  <entry key="ChatCommandProc.commandBomb.5">Нечего перерезать. Бомба в Вас не брошена</entry>
  <entry key="ChatCommandProc.commandBomb.6">Цвет не указан</entry>
  <entry key="ChatCommandProc.commandBomb.7">Цвета совпали. {0} остается в чате. Везунчик!</entry>
  <entry key="ChatCommandProc.commandBomb.8">{0}, Вам повезло. Правильным ответом был {1} и Вы выбрали {2}. Вы остаетесь в чате!</entry>
  <entry key="ChatCommandProc.commandBomb.9">{0}, Вам не повезло! Вы перерезали не тот провод! Правильный цвет был {1}, Вами перерезан {2}, цвета несовпали! Бомба взорвалась вместе с Вами! Вы вылетаете из чата на {3} минут!");</entry>
  <entry key="ChatCommandProc.commandBomb.10">Цвета несовпали! Пользователь {0} взорвался(лась) и вылетел(а) из чата на {1} минут!"</entry>
  <entry key="ChatCommandProc.commandBomb.11">Взрывом Вас размазало по чату</entry>
  <entry key="ChatCommandProc.commandMessage.0">Сообщение отправленно</entry>
  <entry key="ChatCommandProc.commandSend.0">Рассылка начата</entry>
  <entry key="ChatCommandProc.commandSend.1">Рассылка закончена</entry>
  <entry key="ChatCommandProc.commandRegUser.0">Пользователь с таким номером уже зарегистрирован. Его(ее) ник {0}</entry>
  <entry key="ChatCommandProc.commandRegUser.1">Теперь Вы Пользователь нашего чата. Вход по команде !chat либо !чат</entry>
  <entry key="ChatCommandProc.commandRegUser.2">Регистрация нового Пользователя успешно завершена</entry>
  <entry key="ChatCommandProc.commandRegUser.3">Зарегистрировался новый пользователь {0} - {1}</entry>

  <entry key="ChatCommandProc.commandP.2">Пользователь не в сети</entry>





  <entry key="ChatCommandProc.listKickUsers.0">Список активных киков:</entry>
  <entry key="ChatCommandProc.listKickUsers.1">юзер; время; осталось сидеть; кто пнул; причина</entry>
  <entry key="ChatCommandProc.testState.0">Предупреждение! Вы слишком долго молчите и будете удалены из чата</entry>
  <entry key="ChatCommandProc.auth.0">Вы не имеете доступа к данной команде.
Для помощи пошлите команду !help, либо !справка</entry>
  <entry key="ChatCommandProc.tkick.0">Удаление на {0} минут, модератор: {1}</entry>
  <entry key="ChatCommandProc.tkick.1">, Причина: </entry>
  <entry key="ChatCommandProc.tkick.2">Удаление на {0} минут</entry>
  <entry key="ChatCommandProc.kick.0">Вы были удалены из чата. В следующий раз будете вести себя прилично...</entry>
  <entry key="ChatCommandProc.ban.0">Вы были забанены администратором чата. Теперь вы не сможете принимать и отправлять сообщения.</entry>
  <entry key="ChatCommandProc.ban.1">Причина: </entry>
  <entry key="ChatCommandProc.tempExitChat.0">{0} ушел из чата (оффлайн)</entry>
  <entry key="ChatCommandProc.isChat.0">Чтобы использовать команду вы должны зайти в чат</entry>
  <entry key="ChatCommandProc.parseFloodNotice.0">Сообщение проигнорировано. Не посылайте сообщения слишком часто, иначе будете заблокированы</entry>
  <entry key="ChatCommandProc.reitingmin">Ваш  рейтинг достиг критической отметки! Мы вынуждены с вами попрощаться!</entry>
  <entry key="ChatCommandProc.reitingud">Пользователь может повысить или понизить рейтинг определенному пользователю только один раз в сутки</entry>
  <entry key="UserWork.getUserNicks.0">Последние ники пользователя: </entry>
  <entry key="UserWork.getUserInvites.0">Приглашения пользователя: </entry>
  <entry key="UserWork.inviteList.0">Кого приглашал: </entry>
  <entry key="UserWork.getKickHist.0">Список 20 последних киков:</entry>
  <entry key="UserWork.getBanHist.0">Список 20 последних банов:</entry>
  <entry key="UserWork.getUinStat.0">Число пользователей на разных номерах чата:</entry>
  <entry key="UserWork.getUserAuthInfo.0">Полномочия пользователя ID={0}
Группа: {1}
Доступные объекты: </entry>
</properties>
